organism,macro_theme_id,decade,count,enrichment
arabidopsis,3,1990s,139,2.351911741800851
arabidopsis,28,1990s,6,1.50761354186809
arabidopsis,1,1990s,249,1.0445950906913326
arabidopsis,22,1990s,1,0.3597148467557767
arabidopsis,0,1990s,737,-0.15112818965997948
arabidopsis,6,1990s,19,-0.7857315950622739
arabidopsis,10,1990s,6,-1.0976976042448685
arabidopsis,2,1990s,4,-1.902163090045439
arabidopsis,4,1990s,0,-4.0
arabidopsis,5,1990s,0,-4.0
arabidopsis,7,1990s,0,-4.0
arabidopsis,8,1990s,0,-4.0
arabidopsis,11,1990s,0,-4.0
arabidopsis,12,1990s,0,-4.0
arabidopsis,14,1990s,0,-4.0
arabidopsis,15,1990s,0,-4.0
arabidopsis,16,1990s,0,-4.0
arabidopsis,17,1990s,0,-4.0
arabidopsis,19,1990s,0,-4.0
arabidopsis,20,1990s,0,-4.0
arabidopsis,21,1990s,0,-4.0
arabidopsis,24,1990s,1,-4.0
arabidopsis,25,1990s,0,-4.0
arabidopsis,26,1990s,0,-4.0
arabidopsis,27,1990s,0,-4.0
arabidopsis,29,1990s,0,-4.0
arabidopsis,3,2000s,45,0.7756729777660389
arabidopsis,28,2000s,1,0.6736816524888124
arabidopsis,25,2000s,2,0.5983935251845753
arabidopsis,1,2000s,297,0.5689738648045404
arabidopsis,0,2000s,4689,0.1177850672351701
arabidopsis,7,2000s,2,0.10599714319949166
arabidopsis,24,2000s,181,-0.13448637619060194
arabidopsis,14,2000s,14,-0.9026677179276357
arabidopsis,2,2000s,7,-1.0581222365616147
arabidopsis,16,2000s,2,-2.073552277131221
arabidopsis,6,2000s,4,-2.9209095494301205
arabidopsis,10,2000s,5,-2.946904757963065
arabidopsis,29,2000s,8,-3.1179463964896743
arabidopsis,4,2000s,0,-4.0
arabidopsis,5,2000s,0,-4.0
arabidopsis,8,2000s,0,-4.0
arabidopsis,9,2000s,0,-4.0
arabidopsis,11,2000s,0,-4.0
arabidopsis,12,2000s,0,-4.0
arabidopsis,15,2000s,0,-4.0
arabidopsis,17,2000s,0,-4.0
arabidopsis,19,2000s,0,-4.0
arabidopsis,20,2000s,0,-4.0
arabidopsis,21,2000s,0,-4.0
arabidopsis,22,2000s,0,-4.0
arabidopsis,23,2000s,0,-4.0
arabidopsis,26,2000s,0,-4.0
arabidopsis,27,2000s,0,-4.0
arabidopsis,25,2010s,7,1.3431114781424907
arabidopsis,16,2010s,13,1.0025765974662764
arabidopsis,28,2010s,1,0.8353168379437942
arabidopsis,1,2010s,215,0.4987012997288931
arabidopsis,24,2010s,352,0.24888380702087887
arabidopsis,0,2010s,10023,0.1690322425859726
arabidopsis,23,2010s,2,-0.15074397109833182
arabidopsis,2,2010s,3,-1.3751359700811283
arabidopsis,6,2010s,5,-1.8888296701662146
arabidopsis,3,2010s,2,-2.4386580337206403
arabidopsis,29,2010s,13,-2.572365755731546
arabidopsis,14,2010s,35,-2.607735990256234
arabidopsis,7,2010s,1,-2.6139905634197955
arabidopsis,10,2010s,5,-3.7951603220297305
arabidopsis,4,2010s,4,-4.0
arabidopsis,5,2010s,0,-4.0
arabidopsis,8,2010s,0,-4.0
arabidopsis,9,2010s,0,-4.0
arabidopsis,11,2010s,0,-4.0
arabidopsis,12,2010s,0,-4.0
arabidopsis,15,2010s,0,-4.0
arabidopsis,17,2010s,0,-4.0
arabidopsis,18,2010s,0,-4.0
arabidopsis,19,2010s,0,-4.0
arabidopsis,20,2010s,0,-4.0
arabidopsis,21,2010s,1,-4.0
arabidopsis,22,2010s,0,-4.0
arabidopsis,26,2010s,0,-4.0
arabidopsis,27,2010s,0,-4.0
arabidopsis,25,2020s,1,1.3005964532353722
arabidopsis,16,2020s,4,0.852135952419078
arabidopsis,27,2020s,5,0.7645435529951624
arabidopsis,1,2020s,67,0.6438781125235978
arabidopsis,0,2020s,5014,0.272264982725585
arabidopsis,26,2020s,22,0.26417304498549815
arabidopsis,7,2020s,8,0.23810052750160812
arabidopsis,2,2020s,2,-1.5615242722531242
arabidopsis,24,2020s,12,-1.9356835507411696
arabidopsis,10,2020s,6,-2.184114573850283
arabidopsis,9,2020s,2,-2.3671064784937204
arabidopsis,6,2020s,2,-2.429590608299772
arabidopsis,14,2020s,14,-3.406269534065153
arabidopsis,4,2020s,35,-3.800841521557668
arabidopsis,3,2020s,0,-4.0
arabidopsis,5,2020s,0,-4.0
arabidopsis,8,2020s,0,-4.0
arabidopsis,11,2020s,0,-4.0
arabidopsis,12,2020s,0,-4.0
arabidopsis,13,2020s,0,-4.0
arabidopsis,17,2020s,0,-4.0
arabidopsis,18,2020s,0,-4.0
arabidopsis,19,2020s,0,-4.0
arabidopsis,20,2020s,0,-4.0
arabidopsis,21,2020s,0,-4.0
arabidopsis,23,2020s,0,-4.0
arabidopsis,28,2020s,0,-4.0
arabidopsis,29,2020s,0,-4.0
barley,1,1990s,169,0.6720997974321634
barley,28,1990s,2,0.10927824367366147
barley,0,1990s,765,0.0892941413516926
barley,24,1990s,25,-0.09064389685909191
barley,10,1990s,10,-0.17410480755193503
barley,6,1990s,22,-0.3876002873418346
barley,3,1990s,18,-0.41047712695361704
barley,2,1990s,3,-2.1305733867975554
barley,4,1990s,5,-2.2622806189383016
barley,29,1990s,1,-3.0068293845235723
barley,5,1990s,0,-4.0
barley,7,1990s,0,-4.0
barley,8,1990s,0,-4.0
barley,11,1990s,0,-4.0
barley,12,1990s,0,-4.0
barley,14,1990s,0,-4.0
barley,15,1990s,0,-4.0
barley,16,1990s,0,-4.0
barley,17,1990s,0,-4.0
barley,19,1990s,0,-4.0
barley,20,1990s,1,-4.0
barley,21,1990s,0,-4.0
barley,22,1990s,0,-4.0
barley,25,1990s,0,-4.0
barley,26,1990s,0,-4.0
barley,27,1990s,0,-4.0
barley,7,2000s,1,1.0683465298231
barley,1,2000s,102,0.9894294725988785
barley,17,2000s,1,0.7019189747688779
barley,0,2000s,1181,0.0908631395351152
barley,27,2000s,5,-0.09422073032526569
barley,14,2000s,6,-0.16271075264047527
barley,6,2000s,6,-0.37359766208535605
barley,24,2000s,35,-0.5426998597052327
barley,3,2000s,4,-0.7538307319400274
barley,10,2000s,5,-0.984555371339457
barley,5,2000s,1,-1.1112028905076126
barley,21,2000s,1,-2.3363333939733795
barley,4,2000s,1,-3.781218720368474
barley,2,2000s,0,-4.0
barley,8,2000s,0,-4.0
barley,9,2000s,0,-4.0
barley,11,2000s,0,-4.0
barley,12,2000s,0,-4.0
barley,15,2000s,0,-4.0
barley,16,2000s,0,-4.0
barley,19,2000s,0,-4.0
barley,20,2000s,0,-4.0
barley,22,2000s,0,-4.0
barley,23,2000s,0,-4.0
barley,25,2000s,0,-4.0
barley,26,2000s,0,-4.0
barley,28,2000s,0,-4.0
barley,29,2000s,0,-4.0
barley,17,2010s,9,2.986997520026402
barley,5,2010s,2,2.7188921246451865
barley,14,2010s,111,1.073422441873947
barley,1,2010s,48,0.35149653358563054
barley,16,2010s,2,0.318162462050226
barley,0,2010s,2398,0.12164700066911134
barley,2,2010s,2,0.055927111922757
barley,3,2010s,2,-0.42263245099559904
barley,24,2010s,54,-0.4396347267279083
barley,27,2010s,1,-0.7880678640746965
barley,29,2010s,4,-2.2567798911475965
barley,4,2010s,5,-2.577758479250068
barley,21,2010s,1,-2.7735233162797543
barley,10,2010s,2,-3.101062834192051
barley,6,2010s,0,-4.0
barley,7,2010s,0,-4.0
barley,8,2010s,0,-4.0
barley,9,2010s,0,-4.0
barley,11,2010s,0,-4.0
barley,12,2010s,0,-4.0
barley,15,2010s,0,-4.0
barley,18,2010s,0,-4.0
barley,19,2010s,0,-4.0
barley,20,2010s,0,-4.0
barley,22,2010s,0,-4.0
barley,23,2010s,0,-4.0
barley,25,2010s,0,-4.0
barley,26,2010s,0,-4.0
barley,28,2010s,0,-4.0
barley,23,2020s,2,2.2546712479312183
barley,14,2020s,139,1.6667463333542007
barley,7,2020s,4,0.9995302442550583
barley,1,2020s,16,0.3392186388192758
barley,27,2020s,1,0.2040451748612504
barley,26,2020s,6,0.15113364382280733
barley,0,2020s,1351,0.14176037797078095
barley,24,2020s,11,-0.29978471607157825
barley,2,2020s,1,-0.8000945554996738
barley,10,2020s,1,-3.007647357817989
barley,3,2020s,0,-4.0
barley,4,2020s,0,-4.0
barley,5,2020s,0,-4.0
barley,6,2020s,0,-4.0
barley,8,2020s,0,-4.0
barley,9,2020s,0,-4.0
barley,11,2020s,0,-4.0
barley,12,2020s,0,-4.0
barley,13,2020s,0,-4.0
barley,16,2020s,0,-4.0
barley,17,2020s,0,-4.0
barley,18,2020s,0,-4.0
barley,19,2020s,0,-4.0
barley,20,2020s,0,-4.0
barley,21,2020s,0,-4.0
barley,25,2020s,0,-4.0
barley,28,2020s,0,-4.0
barley,29,2020s,0,-4.0
cotton,1,1990s,147,1.055148868852074
cotton,6,1990s,32,0.7372242568865983
cotton,14,1990s,1,0.10857190581823564
cotton,10,1990s,8,0.08822326042643301
cotton,0,1990s,479,-0.0018837876264110765
cotton,28,1990s,1,-0.3064655934606085
cotton,3,1990s,7,-1.1887910434725948
cotton,24,1990s,3,-2.56528142304693
cotton,4,1990s,2,-2.9999525509599336
cotton,2,1990s,1,-3.1312797246529813
cotton,5,1990s,0,-4.0
cotton,7,1990s,0,-4.0
cotton,8,1990s,0,-4.0
cotton,11,1990s,0,-4.0
cotton,12,1990s,0,-4.0
cotton,15,1990s,0,-4.0
cotton,16,1990s,0,-4.0
cotton,17,1990s,0,-4.0
cotton,19,1990s,0,-4.0
cotton,20,1990s,0,-4.0
cotton,21,1990s,0,-4.0
cotton,22,1990s,0,-4.0
cotton,25,1990s,0,-4.0
cotton,26,1990s,0,-4.0
cotton,27,1990s,0,-4.0
cotton,29,1990s,0,-4.0
cotton,1,2000s,193,1.2875450724858504
cotton,27,2000s,18,1.1318600808200712
cotton,16,2000s,6,0.8518435148039304
cotton,7,2000s,1,0.44643043441348695
cotton,20,2000s,90,0.19373334134896392
cotton,24,2000s,79,0.009881776117290601
cotton,0,2000s,1648,-0.05034567808843719
cotton,3,2000s,7,-0.5683919052920364
cotton,4,2000s,14,-0.5957798937204831
cotton,14,2000s,6,-0.7846268480500886
cotton,6,2000s,6,-0.9955137574949693
cotton,10,2000s,5,-1.60647146674907
cotton,21,2000s,1,-2.9582494893829927
cotton,29,2000s,2,-3.777513105275679
cotton,2,2000s,0,-4.0
cotton,5,2000s,0,-4.0
cotton,8,2000s,0,-4.0
cotton,9,2000s,0,-4.0
cotton,11,2000s,0,-4.0
cotton,12,2000s,0,-4.0
cotton,15,2000s,0,-4.0
cotton,17,2000s,0,-4.0
cotton,19,2000s,0,-4.0
cotton,22,2000s,0,-4.0
cotton,23,2000s,0,-4.0
cotton,25,2000s,0,-4.0
cotton,26,2000s,0,-4.0
cotton,28,2000s,0,-4.0
cotton,28,2010s,2,3.4282698784450125
cotton,7,2010s,5,1.3008905719687849
cotton,1,2010s,98,0.9581713347558595
cotton,16,2010s,3,0.48005242054755887
cotton,3,2010s,4,0.1542950067805777
cotton,24,2010s,108,0.13729273104826842
cotton,0,2010s,3229,0.1278302406450452
cotton,12,2010s,1,-0.6526501169385548
cotton,4,2010s,18,-1.152834114918941
cotton,27,2010s,1,-1.2111404062985198
cotton,14,2010s,28,-1.336711044642378
cotton,21,2010s,3,-1.6116333577824216
cotton,10,2010s,7,-1.7167804543582705
cotton,29,2010s,6,-2.0948899326502635
cotton,6,2010s,1,-2.6178047245523586
cotton,20,2010s,27,-3.152361811066572
cotton,2,2010s,0,-4.0
cotton,5,2010s,0,-4.0
cotton,8,2010s,0,-4.0
cotton,9,2010s,0,-4.0
cotton,11,2010s,0,-4.0
cotton,15,2010s,0,-4.0
cotton,17,2010s,0,-4.0
cotton,18,2010s,0,-4.0
cotton,19,2010s,0,-4.0
cotton,22,2010s,0,-4.0
cotton,23,2010s,0,-4.0
cotton,25,2010s,0,-4.0
cotton,26,2010s,0,-4.0
cotton,26,2020s,30,2.1080870799115683
cotton,1,2020s,28,0.7815989020782782
cotton,6,2020s,6,0.551826950376233
cotton,21,2020s,5,0.3139232598661211
cotton,0,2020s,1829,0.2138131195952112
cotton,27,2020s,1,-0.16092948393735143
cotton,14,2020s,34,-0.7297065569175689
cotton,10,2020s,5,-1.0506939217292282
cotton,7,2020s,1,-1.3654444145435434
cotton,24,2020s,3,-2.539228492786321
cotton,4,2020s,29,-2.6756884854202134
cotton,2,2020s,0,-4.0
cotton,3,2020s,0,-4.0
cotton,5,2020s,0,-4.0
cotton,8,2020s,0,-4.0
cotton,9,2020s,0,-4.0
cotton,11,2020s,0,-4.0
cotton,12,2020s,0,-4.0
cotton,13,2020s,0,-4.0
cotton,16,2020s,0,-4.0
cotton,17,2020s,0,-4.0
cotton,18,2020s,0,-4.0
cotton,19,2020s,0,-4.0
cotton,20,2020s,2,-4.0
cotton,23,2020s,0,-4.0
cotton,25,2020s,0,-4.0
cotton,28,2020s,0,-4.0
cotton,29,2020s,0,-4.0
maize,25,1990s,2,0.9688115874302372
maize,14,1990s,9,0.9016973915717
maize,1,1990s,533,0.5366687310860376
maize,0,1990s,2775,0.15570690707339158
maize,26,1990s,1,-0.031188412569762736
maize,22,1990s,2,-0.24620130354061337
maize,3,1990s,67,-0.3068562907612742
maize,28,1990s,5,-0.3613370142620935
maize,10,1990s,25,-0.6447200654876901
maize,6,1990s,47,-1.0849864071246118
maize,2,1990s,21,-1.1157618175630686
maize,29,1990s,12,-1.2144102366255332
maize,4,1990s,18,-2.2068270652064688
maize,24,1990s,16,-2.527043439456934
maize,21,1990s,4,-2.8820449732639535
maize,5,1990s,0,-4.0
maize,7,1990s,0,-4.0
maize,8,1990s,0,-4.0
maize,11,1990s,0,-4.0
maize,12,1990s,0,-4.0
maize,15,1990s,0,-4.0
maize,16,1990s,0,-4.0
maize,17,1990s,0,-4.0
maize,19,1990s,0,-4.0
maize,20,1990s,0,-4.0
maize,27,1990s,0,-4.0
maize,17,2000s,10,1.5405989920179644
maize,27,2000s,51,0.7730284391205918
maize,9,2000s,1,0.31628169375702425
maize,1,2000s,334,0.21746034546315962
maize,28,2000s,1,0.15278296147414502
maize,0,2000s,6883,0.15064360711438593
maize,25,2000s,2,0.07749483416990775
maize,14,2000s,23,-0.7073593749428944
maize,2,2000s,12,-0.8014133489127303
maize,6,2000s,21,-1.0494908176660278
maize,15,2000s,3,-1.0987558055218194
maize,26,2000s,1,-1.1691451334132172
maize,16,2000s,5,-1.2725228732585259
maize,24,2000s,116,-1.2972499591609026
maize,10,2000s,22,-1.3302999252277976
maize,7,2000s,1,-1.4149015478151756
maize,3,2000s,14,-1.429723887520699
maize,4,2000s,26,-1.5640270798656577
maize,5,2000s,4,-1.5944509681458883
maize,21,2000s,8,-1.819581471611655
maize,8,2000s,0,-4.0
maize,11,2000s,0,-4.0
maize,12,2000s,0,-4.0
maize,19,2000s,0,-4.0
maize,20,2000s,0,-4.0
maize,22,2000s,0,-4.0
maize,23,2000s,0,-4.0
maize,29,2000s,5,-4.0
maize,6,2010s,34,0.40872873513663976
maize,28,2010s,1,0.3673404968836716
maize,22,2010s,1,0.3128927128612952
maize,7,2010s,10,0.23996119040744404
maize,0,2010s,13953,0.1783168587154911
maize,1,2010s,230,0.12802216002368536
maize,17,2010s,5,-0.3450013103137122
maize,25,2010s,3,-0.3472572842540799
maize,14,2010s,187,-0.6581008883736864
maize,4,2010s,95,-0.8138328895916465
maize,24,2010s,215,-0.9303313030870808
maize,15,2010s,2,-0.9875022204764257
maize,27,2010s,4,-1.2720697878598608
maize,23,2010s,1,-1.6187203121584544
maize,16,2010s,2,-2.165839461734938
maize,21,2010s,8,-2.257525240064919
maize,3,2010s,3,-2.3216718740596067
maize,2,2010s,2,-2.428074811862407
maize,12,2010s,1,-2.7135794984998958
maize,29,2010s,9,-3.5708568134904484
maize,10,2010s,8,-3.5850647579772157
maize,5,2010s,0,-4.0
maize,8,2010s,0,-4.0
maize,9,2010s,0,-4.0
maize,11,2010s,0,-4.0
maize,18,2010s,0,-4.0
maize,19,2010s,0,-4.0
maize,20,2010s,1,-4.0
maize,26,2010s,0,-4.0
maize,7,2020s,27,1.2576343543807327
maize,23,2020s,4,0.7578878558934241
maize,1,2020s,105,0.5566807644476043
maize,0,2020s,8285,0.26145100871611626
maize,27,2020s,4,-0.2927382171765438
maize,14,2020s,151,-0.710573392082022
maize,6,2020s,9,-0.9950192821418037
maize,12,2020s,1,-1.2591856574655171
maize,24,2020s,29,-1.3980187316190977
maize,21,2020s,5,-1.8178854733730716
maize,26,2020s,4,-2.930612248936143
maize,2,2020s,0,-4.0
maize,3,2020s,0,-4.0
maize,4,2020s,21,-4.0
maize,5,2020s,0,-4.0
maize,8,2020s,0,-4.0
maize,9,2020s,1,-4.0
maize,10,2020s,1,-4.0
maize,11,2020s,0,-4.0
maize,13,2020s,0,-4.0
maize,16,2020s,0,-4.0
maize,17,2020s,0,-4.0
maize,18,2020s,0,-4.0
maize,19,2020s,0,-4.0
maize,20,2020s,0,-4.0
maize,25,2020s,0,-4.0
maize,28,2020s,0,-4.0
maize,29,2020s,0,-4.0
non_specific,20,1990s,2753,0.4651451762052943
non_specific,12,1990s,174,0.46419559423608703
non_specific,8,1990s,123,0.4607814051720524
non_specific,29,1990s,722,0.3927789902723282
non_specific,4,1990s,2130,0.37618234919626564
non_specific,16,1990s,13,0.3655480063031757
non_specific,19,1990s,22,0.34693232813582875
non_specific,17,1990s,16,0.3025382087773753
non_specific,11,1990s,41,0.2754263631601339
non_specific,26,1990s,24,0.2500707888832397
non_specific,27,1990s,6,0.2500707888832397
non_specific,25,1990s,23,0.1886702442190964
non_specific,2,1990s,1022,0.18539694132763893
non_specific,10,1990s,864,0.16260794763290037
non_specific,3,1990s,1808,0.1435301819279876
non_specific,6,1990s,2148,0.12549971991500994
non_specific,22,1990s,48,0.035057897912389197
non_specific,0,1990s,50318,0.03251851148712011
non_specific,14,1990s,95,-0.0020753008078179974
non_specific,24,1990s,1786,-0.028230373603864548
non_specific,28,1990s,124,-0.032772098030734366
non_specific,7,1990s,7,-0.04210996261007054
non_specific,21,1990s,470,-0.30923132596710745
non_specific,1,1990s,5066,-0.5183949292287907
non_specific,15,1990s,16,-1.5936259802380848
non_specific,5,1990s,33,-4.0
non_specific,23,2000s,2,0.4744139465891408
non_specific,8,2000s,40,0.4744139465891406
non_specific,20,2000s,8797,0.4576202225518402
non_specific,29,2000s,3052,0.45097022238758044
non_specific,12,2000s,170,0.4491766550901176
non_specific,11,2000s,93,0.44371714936622425
non_specific,26,2000s,65,0.36749874267262866
non_specific,4,2000s,2128,0.3050917005518314
non_specific,21,2000s,781,0.3038733295877161
non_specific,19,2000s,30,0.29384170094731976
non_specific,6,2000s,1178,0.2745916464430642
non_specific,16,2000s,323,0.2552154496054282
non_specific,10,2000s,1475,0.2510437583288626
non_specific,3,2000s,983,0.21824485981966912
non_specific,25,2000s,48,0.1767333979484556
non_specific,2,2000s,529,0.17502412553753097
non_specific,22,2000s,26,0.17485366473023303
non_specific,14,2000s,933,0.149088002909243
non_specific,17,2000s,80,0.05487505507535611
non_specific,24,2000s,6494,0.023936778055004958
non_specific,9,2000s,18,0.00048275825672847926
non_specific,0,2000s,136151,-0.029054071298715275
non_specific,7,2000s,56,-0.09327056270017983
non_specific,28,2000s,18,-0.16301597402615106
non_specific,1,2000s,5055,-0.34847250716312406
non_specific,27,2000s,335,-0.9971035544483776
non_specific,15,2000s,69,-1.0609177864074149
non_specific,5,2000s,69,-1.9716504483103277
non_specific,18,2010s,5,0.45859885136529854
non_specific,20,2010s,33413,0.45076184255680096
non_specific,8,2010s,189,0.43587877486521476
non_specific,29,2010s,3496,0.42152629090837224
non_specific,11,2010s,67,0.39540502487810425
non_specific,12,2010s,208,0.3776788559817311
non_specific,21,2010s,1207,0.3705033570306372
non_specific,19,2010s,44,0.3634416183249583
non_specific,10,2010s,2997,0.35505724687689355
non_specific,3,2010s,451,0.30116788481515233
non_specific,4,2010s,4946,0.27917666280787795
non_specific,2,2010s,301,0.1963635012378293
non_specific,25,2010s,106,0.18651930592849753
non_specific,22,2010s,22,0.16314296783912705
non_specific,6,2010s,683,0.1278262985169253
non_specific,14,2010s,7832,0.1209883376829063
non_specific,9,2010s,58,0.03117762763062224
non_specific,24,2010s,10157,0.02248120978834214
non_specific,26,2010s,47,0.013187703042935758
non_specific,0,2010s,289419,-0.05635211962620476
non_specific,17,2010s,145,-0.09620167884560543
non_specific,16,2010s,194,-0.17510798320727586
non_specific,5,2010s,36,-0.20436616135713107
non_specific,28,2010s,16,-0.24184086677579375
non_specific,1,2010s,4162,-0.30358800484482057
non_specific,7,2010s,162,-0.3512982652547591
non_specific,27,2010s,163,-0.5325229972882489
non_specific,15,2010s,47,-1.042094732458254
non_specific,23,2010s,30,-1.3210110802094015
non_specific,8,2020s,9,0.4513642926128599
non_specific,13,2020s,186,0.4513642926128599
non_specific,17,2020s,10,0.4513642926128599
non_specific,18,2020s,1,0.4513642926128599
non_specific,19,2020s,16,0.4513642926128599
non_specific,28,2020s,2,0.4513642926128599
non_specific,20,2020s,12071,0.44861800699644366
non_specific,29,2020s,468,0.42388355619075285
non_specific,4,2020s,27832,0.4001377637735877
non_specific,12,2020s,82,0.3995253610932419
non_specific,2,2020s,336,0.3965984891819681
non_specific,10,2020s,1513,0.3599245363016295
non_specific,21,2020s,581,0.3437397990847705
non_specific,9,2020s,565,0.34080591746516115
non_specific,11,2020s,11,0.3258334105290011
non_specific,3,2020s,97,0.32335668023678843
non_specific,25,2020s,21,0.25871921467046394
non_specific,5,2020s,26,0.24491341514543347
non_specific,16,2020s,107,0.15940827747655667
non_specific,24,2020s,2138,0.10720542491449644
non_specific,14,2020s,6604,0.04130528744683261
non_specific,0,2020s,169083,-0.0863038699071441
non_specific,6,2020s,413,-0.17378729822399508
non_specific,1,2020s,1509,-0.2970286487511596
non_specific,27,2020s,95,-0.4217235949049206
non_specific,7,2020s,210,-0.48184861617593766
non_specific,26,2020s,558,-0.5053319231662796
non_specific,23,2020s,29,-1.0829721350383283
other_crop,15,1990s,50,3.061593010555894
other_crop,7,1990s,2,1.1618979163515792
other_crop,27,1990s,1,0.6764710891813376
other_crop,1,1990s,1361,0.596787861581957
other_crop,22,1990s,7,0.2688131202680913
other_crop,26,1990s,3,0.26143358990249366
other_crop,0,1990s,6492,0.08954163724763288
other_crop,28,1990s,15,-0.0687150117898371
other_crop,2,1990s,103,-0.11391921140751002
other_crop,24,1990s,196,-0.20467409359062533
other_crop,6,1990s,187,-0.3850212971635123
other_crop,14,1990s,9,-0.3906431066771994
other_crop,10,1990s,61,-0.6501794159484279
other_crop,17,1990s,1,-0.6860989902033706
other_crop,11,1990s,2,-1.070762840438696
other_crop,19,1990s,1,-1.1011364894822144
other_crop,4,1990s,77,-1.4023060242027796
other_crop,3,1990s,67,-1.5991967890101737
other_crop,21,1990s,13,-2.473945753371761
other_crop,29,1990s,10,-2.7697851407082266
other_crop,12,1990s,1,-3.967385100593387
other_crop,5,1990s,0,-4.0
other_crop,8,1990s,0,-4.0
other_crop,16,1990s,0,-4.0
other_crop,20,1990s,4,-4.0
other_crop,25,1990s,0,-4.0
other_crop,15,2000s,127,2.7938400517515483
other_crop,27,2000s,296,1.7989301340004042
other_crop,9,2000s,4,0.8051553649793827
other_crop,22,2000s,5,0.7709396496414695
other_crop,19,2000s,4,0.3615487135037678
other_crop,2,2000s,74,0.3119511872174217
other_crop,1,2000s,937,0.1945349618706525
other_crop,25,2000s,6,0.1513310061134223
other_crop,0,2000s,18869,0.09442582975677712
other_crop,17,2000s,9,-0.12253043020472729
other_crop,7,2000s,6,-0.34106537587166114
other_crop,28,2000s,2,-0.3583433673034966
other_crop,24,2000s,629,-0.36944107618682726
other_crop,14,2000s,82,-0.3844956551594654
other_crop,4,2000s,148,-0.5661397611554417
other_crop,10,2000s,93,-0.7616990615347052
other_crop,16,2000s,19,-0.8576497834799442
other_crop,3,2000s,59,-0.8655620889941036
other_crop,6,2000s,66,-0.9085404498639762
other_crop,21,2000s,30,-1.4238172047807782
other_crop,26,2000s,1,-2.680271462190859
other_crop,11,2000s,1,-3.1208440535768402
other_crop,29,2000s,22,-3.690539797644686
other_crop,12,2000s,1,-3.9856166728826175
other_crop,5,2000s,0,-4.0
other_crop,8,2000s,0,-4.0
other_crop,20,2000s,10,-4.0
other_crop,23,2000s,0,-4.0
other_crop,15,2010s,82,2.637426125619206
other_crop,27,2010s,81,1.3351565565023122
other_crop,9,2010s,14,0.8571092596976678
other_crop,16,2010s,53,0.8294573343058093
other_crop,26,2010s,11,0.7945881751396094
other_crop,7,2010s,46,0.7089713930546432
other_crop,17,2010s,33,0.6448410556349274
other_crop,28,2010s,3,0.21967933908237616
other_crop,0,2010s,45488,0.15060385862479925
other_crop,23,2010s,11,0.10808764795639096
other_crop,1,2010s,635,-0.13947876778361334
other_crop,2,2010s,31,-0.20650215999798352
other_crop,6,2010s,70,-0.2820747476911849
other_crop,24,2010s,1069,-0.3491016734785022
other_crop,14,2010s,767,-0.3545362392808414
other_crop,22,2010s,2,-0.4197309456611565
other_crop,19,2010s,3,-0.6344697944541688
other_crop,4,2010s,344,-0.6900474017429481
other_crop,3,2010s,27,-0.8843705311397463
other_crop,10,2010s,115,-1.472198365555292
other_crop,21,2010s,32,-1.9901488985873703
other_crop,25,2010s,3,-2.0798809427765317
other_crop,11,2010s,1,-2.794126460442654
other_crop,29,2010s,39,-3.1880032545929637
other_crop,12,2010s,2,-3.4462031570223473
other_crop,5,2010s,0,-4.0
other_crop,8,2010s,1,-4.0
other_crop,18,2010s,0,-4.0
other_crop,20,2010s,139,-4.0
other_crop,26,2020s,338,1.6003403199214896
other_crop,6,2020s,163,1.3138570032224097
other_crop,27,2020s,32,0.8373349153989041
other_crop,7,2020s,72,0.8027449862350245
other_crop,23,2020s,13,0.5884007066099644
other_crop,0,2020s,28970,0.1975102233405158
other_crop,14,2020s,805,-0.16606002582967372
other_crop,1,2020s,203,-0.3621557034578944
other_crop,24,2020s,210,-0.41168107650509916
other_crop,3,2020s,7,-0.6402871212579627
other_crop,16,2020s,7,-0.9457896682322138
other_crop,9,2020s,31,-1.018190710815741
other_crop,10,2020s,59,-1.4917145679184938
other_crop,21,2020s,22,-1.5503088170476889
other_crop,4,2020s,644,-2.2044882030969135
other_crop,2,2020s,6,-2.5818423142408635
other_crop,29,2020s,7,-2.8102121227002748
other_crop,5,2020s,0,-4.0
other_crop,8,2020s,0,-4.0
other_crop,11,2020s,0,-4.0
other_crop,12,2020s,0,-4.0
other_crop,13,2020s,0,-4.0
other_crop,17,2020s,0,-4.0
other_crop,18,2020s,0,-4.0
other_crop,19,2020s,0,-4.0
other_crop,20,2020s,17,-4.0
other_crop,25,2020s,0,-4.0
other_crop,28,2020s,0,-4.0
other_model_organism,11,1990s,2,2.7129719546318336
other_model_organism,2,1990s,16,0.9833150564798009
other_model_organism,1,1990s,126,0.9473512286484078
other_model_organism,10,1990s,10,0.5247461364465773
other_model_organism,0,1990s,442,-0.003268292838377825
other_model_organism,24,1990s,9,-0.8657241411929917
other_model_organism,6,1990s,9,-0.9782559605383071
other_model_organism,3,1990s,6,-1.2965886836762606
other_model_organism,4,1990s,4,-1.8853577698271515
other_model_organism,29,1990s,1,-2.30797844052506
other_model_organism,21,1990s,1,-2.390650676442324
other_model_organism,20,1990s,3,-2.5815836215793277
other_model_organism,5,1990s,0,-4.0
other_model_organism,7,1990s,0,-4.0
other_model_organism,8,1990s,0,-4.0
other_model_organism,12,1990s,0,-4.0
other_model_organism,14,1990s,0,-4.0
other_model_organism,15,1990s,0,-4.0
other_model_organism,16,1990s,0,-4.0
other_model_organism,17,1990s,0,-4.0
other_model_organism,19,1990s,0,-4.0
other_model_organism,22,1990s,0,-4.0
other_model_organism,25,1990s,0,-4.0
other_model_organism,26,1990s,0,-4.0
other_model_organism,27,1990s,0,-4.0
other_model_organism,28,1990s,0,-4.0
other_model_organism,16,2000s,10,1.6739717967012135
other_model_organism,10,2000s,35,1.286046143039611
other_model_organism,1,2000s,139,0.8991917956723543
other_model_organism,26,2000s,1,0.777349536546522
other_model_organism,7,2000s,1,0.5315931221445638
other_model_organism,14,2000s,14,0.5229282610174363
other_model_organism,11,2000s,1,0.3367769451605407
other_model_organism,0,2000s,1674,0.05740029500976532
other_model_organism,27,2000s,8,0.04709776710883564
other_model_organism,3,2000s,8,-0.2905841396185639
other_model_organism,12,2000s,1,-0.527995674145236
other_model_organism,24,2000s,45,-0.7168831879990605
other_model_organism,21,2000s,3,-1.2881243009307595
other_model_organism,4,2000s,8,-1.3179721280470105
other_model_organism,2,2000s,2,-1.439881179674147
other_model_organism,29,2000s,4,-2.6923504175446022
other_model_organism,5,2000s,0,-4.0
other_model_organism,6,2000s,0,-4.0
other_model_organism,8,2000s,0,-4.0
other_model_organism,9,2000s,0,-4.0
other_model_organism,15,2000s,0,-4.0
other_model_organism,17,2000s,0,-4.0
other_model_organism,19,2000s,0,-4.0
other_model_organism,20,2000s,3,-4.0
other_model_organism,22,2000s,0,-4.0
other_model_organism,23,2000s,0,-4.0
other_model_organism,25,2000s,0,-4.0
other_model_organism,28,2000s,0,-4.0
other_model_organism,26,2010s,2,2.011760129368503
other_model_organism,11,2010s,2,1.882477112423536
other_model_organism,1,2010s,195,1.8338423371726595
other_model_organism,12,2010s,5,1.5523285107312053
other_model_organism,27,2010s,7,1.4792650485414818
other_model_organism,7,2010s,5,1.1839411047511825
other_model_organism,16,2010s,5,1.100068547496163
other_model_organism,9,2010s,1,0.7263579105062542
other_model_organism,10,2010s,37,0.568368521995473
other_model_organism,2,2010s,4,0.5159051024813315
other_model_organism,14,2010s,81,0.07883456896704023
other_model_organism,0,2010s,3341,0.06007331514843248
other_model_organism,24,2010s,109,0.0336400864441238
other_model_organism,4,2010s,27,-0.6848210814153871
other_model_organism,17,2010s,1,-0.7229494908573358
other_model_organism,6,2010s,4,-0.734754191769961
other_model_organism,29,2010s,2,-3.7968019005890223
other_model_organism,3,2010s,0,-4.0
other_model_organism,5,2010s,0,-4.0
other_model_organism,8,2010s,0,-4.0
other_model_organism,15,2010s,0,-4.0
other_model_organism,18,2010s,0,-4.0
other_model_organism,19,2010s,0,-4.0
other_model_organism,20,2010s,12,-4.0
other_model_organism,21,2010s,0,-4.0
other_model_organism,22,2010s,0,-4.0
other_model_organism,23,2010s,0,-4.0
other_model_organism,25,2010s,0,-4.0
other_model_organism,28,2010s,0,-4.0
other_model_organism,26,2020s,43,2.8688682403661074
other_model_organism,1,2020s,73,2.4054755402616514
other_model_organism,16,2020s,2,1.4899980117348866
other_model_organism,27,2020s,2,1.0804775174236088
other_model_organism,10,2020s,13,0.5692247028854618
other_model_organism,7,2020s,3,0.4609250875385728
other_model_organism,0,2020s,1467,0.13703391688084438
other_model_organism,14,2020s,37,-0.36630903117799873
other_model_organism,24,2020s,11,-0.42335237350922017
other_model_organism,2,2020s,1,-0.9236622129373154
other_model_organism,21,2020s,1,-1.7665978336602814
other_model_organism,6,2020s,1,-1.7917285489839636
other_model_organism,4,2020s,12,-3.7072999784656693
other_model_organism,3,2020s,0,-4.0
other_model_organism,5,2020s,0,-4.0
other_model_organism,8,2020s,0,-4.0
other_model_organism,9,2020s,0,-4.0
other_model_organism,11,2020s,0,-4.0
other_model_organism,12,2020s,0,-4.0
other_model_organism,13,2020s,0,-4.0
other_model_organism,17,2020s,0,-4.0
other_model_organism,18,2020s,0,-4.0
other_model_organism,19,2020s,0,-4.0
other_model_organism,20,2020s,3,-4.0
other_model_organism,23,2020s,0,-4.0
other_model_organism,25,2020s,0,-4.0
other_model_organism,28,2020s,0,-4.0
other_model_organism,29,2020s,0,-4.0
potato,22,1990s,2,1.7955948790218421
potato,1,1990s,309,1.7919362187936916
potato,28,1990s,2,0.35853107341299906
potato,2,1990s,13,0.2341566603617187
potato,6,1990s,26,0.1026606419012983
potato,10,1990s,9,-0.0768550712576471
potato,3,1990s,19,-0.08322178521300584
potato,8,1990s,1,-0.13623361833657868
potato,14,1990s,1,-0.22643142730815674
potato,24,1990s,19,-0.23731974345089307
potato,0,1990s,450,-0.4269877752719466
potato,4,1990s,6,-1.7499933833651697
potato,29,1990s,2,-1.757576554784234
potato,5,1990s,0,-4.0
potato,7,1990s,0,-4.0
potato,11,1990s,0,-4.0
potato,12,1990s,0,-4.0
potato,15,1990s,0,-4.0
potato,16,1990s,0,-4.0
potato,17,1990s,0,-4.0
potato,19,1990s,0,-4.0
potato,20,1990s,0,-4.0
potato,21,1990s,0,-4.0
potato,25,1990s,0,-4.0
potato,26,1990s,0,-4.0
potato,27,1990s,0,-4.0
potato,28,2000s,1,2.192927748465634
potato,27,2000s,31,2.0949441945274603
potato,7,2000s,2,1.6252432391763134
potato,1,2000s,214,1.6153678263817433
potato,17,2000s,2,1.258815684122091
potato,14,2000s,9,-0.020851542566106093
potato,0,2000s,1478,-0.028602846362678083
potato,24,2000s,67,-0.04899697683921345
potato,2,2000s,4,-0.34623106264239745
potato,10,2000s,9,-0.5796617554312936
potato,15,2000s,1,-0.6435735192514868
potato,3,2000s,4,-1.1969340225868144
potato,6,2000s,4,-1.401663453453299
potato,29,2000s,4,-2.598700300512853
potato,4,2000s,3,-2.639359510294105
potato,21,2000s,1,-2.779436684620166
potato,5,2000s,0,-4.0
potato,8,2000s,0,-4.0
potato,9,2000s,0,-4.0
potato,11,2000s,0,-4.0
potato,12,2000s,0,-4.0
potato,16,2000s,0,-4.0
potato,19,2000s,0,-4.0
potato,20,2000s,0,-4.0
potato,22,2000s,0,-4.0
potato,23,2000s,0,-4.0
potato,25,2000s,0,-4.0
potato,26,2000s,0,-4.0
potato,1,2010s,200,2.0565870219807363
potato,27,2010s,8,1.8581289352668406
potato,14,2010s,105,0.6394488925315012
potato,17,2010s,2,0.46326931792562726
potato,3,2010s,4,0.22356434834593827
potato,0,2010s,2943,0.0632996835368201
potato,7,2010s,2,0.048231818646783595
potato,24,2010s,83,-0.17328599820291474
potato,2,2010s,2,-0.2978760887357056
potato,6,2010s,3,-0.9635728822658419
potato,4,2010s,10,-1.9315616799085302
potato,29,2010s,6,-2.0256205910849028
potato,21,2010s,2,-2.127326516938217
potato,10,2010s,5,-2.1329379399631514
potato,5,2010s,0,-4.0
potato,8,2010s,0,-4.0
potato,9,2010s,0,-4.0
potato,11,2010s,0,-4.0
potato,12,2010s,0,-4.0
potato,15,2010s,0,-4.0
potato,16,2010s,0,-4.0
potato,18,2010s,0,-4.0
potato,19,2010s,0,-4.0
potato,20,2010s,0,-4.0
potato,22,2010s,0,-4.0
potato,23,2010s,0,-4.0
potato,25,2010s,0,-4.0
potato,26,2010s,0,-4.0
potato,28,2010s,0,-4.0
potato,27,2020s,6,2.329918536481647
potato,1,2020s,75,2.1089481902143965
potato,23,2020s,2,1.7955821088304584
potato,14,2020s,130,1.111083934558388
potato,16,2020s,1,0.15447653007176843
potato,0,2020s,1864,0.1470454241986166
potato,7,2020s,3,0.12540360587545482
potato,26,2020s,4,-0.8929179959991084
potato,24,2020s,10,-0.8963773789222729
potato,6,2020s,2,-1.1272500306470818
potato,9,2020s,1,-2.06476590084103
potato,21,2020s,1,-2.1021193153234
potato,10,2020s,2,-2.4667364969187484
potato,2,2020s,0,-4.0
potato,3,2020s,0,-4.0
potato,4,2020s,5,-4.0
potato,5,2020s,0,-4.0
potato,8,2020s,0,-4.0
potato,11,2020s,0,-4.0
potato,12,2020s,0,-4.0
potato,13,2020s,0,-4.0
potato,17,2020s,0,-4.0
potato,18,2020s,0,-4.0
potato,19,2020s,0,-4.0
potato,20,2020s,0,-4.0
potato,25,2020s,0,-4.0
potato,28,2020s,0,-4.0
potato,29,2020s,0,-4.0
rice,5,1990s,1180,4.0
rice,24,1990s,325,2.0557783042119424
rice,19,1990s,1,0.4297298445197442
rice,22,1990s,2,-0.007675467787554032
rice,6,1990s,56,-0.5936945009915859
rice,1,1990s,195,-0.6754668421704683
rice,0,1990s,1187,-0.830935093656473
rice,28,1990s,3,-0.8597767726752407
rice,3,1990s,29,-1.276438650338415
rice,10,1990s,10,-1.7281223246219932
rice,14,1990s,1,-2.029701774117553
rice,4,1990s,6,-3.553263730174566
rice,2,1990s,3,-3.6845909038676132
rice,7,1990s,0,-4.0
rice,8,1990s,0,-4.0
rice,11,1990s,0,-4.0
rice,12,1990s,0,-4.0
rice,15,1990s,0,-4.0
rice,16,1990s,0,-4.0
rice,17,1990s,0,-4.0
rice,20,1990s,0,-4.0
rice,21,1990s,0,-4.0
rice,25,1990s,0,-4.0
rice,26,1990s,0,-4.0
rice,27,1990s,0,-4.0
rice,29,1990s,0,-4.0
rice,5,2000s,285,4.0
rice,9,2000s,2,1.3010612435690567
rice,24,2000s,675,1.2282922874617508
rice,27,2000s,65,1.1077504599895829
rice,7,2000s,3,0.15484050271801275
rice,0,2000s,6270,0.0008510900011155986
rice,1,2000s,238,-0.28664663389091677
rice,3,2000s,24,-0.6673367590451145
rice,17,2000s,2,-0.7965495530573654
rice,6,2000s,19,-1.2091011771891702
rice,4,2000s,20,-1.9577591533073553
rice,10,2000s,13,-2.1045122759119703
rice,14,2000s,5,-2.924213686300513
rice,21,2000s,2,-3.8348019217996225
rice,2,2000s,0,-4.0
rice,8,2000s,0,-4.0
rice,11,2000s,0,-4.0
rice,12,2000s,0,-4.0
rice,15,2000s,0,-4.0
rice,16,2000s,0,-4.0
rice,19,2000s,0,-4.0
rice,20,2000s,0,-4.0
rice,22,2000s,0,-4.0
rice,23,2000s,0,-4.0
rice,25,2000s,0,-4.0
rice,26,2000s,0,-4.0
rice,28,2000s,0,-4.0
rice,29,2000s,0,-4.0
rice,23,2010s,42,3.72190407860101
rice,5,2010s,6,1.7681596695618826
rice,7,2010s,20,1.1882681583881485
rice,16,2010s,20,1.1043956011331282
rice,24,2010s,803,0.9190389928214776
rice,25,2010s,5,0.3380152778928304
rice,9,2010s,3,0.31564746486437606
rice,28,2010s,1,0.31564746486437606
rice,0,2010s,14090,0.14072009264742658
rice,17,2010s,7,0.08873248483723403
rice,27,2010s,9,-0.15383781843684421
rice,1,2010s,174,-0.3262174270912573
rice,6,2010s,11,-1.2709955194956983
rice,14,2010s,80,-1.9347602853932562
rice,3,2010s,4,-1.958327406800059
rice,8,2010s,1,-2.5688753177156882
rice,4,2010s,25,-2.791525340167165
rice,21,2010s,5,-2.987290177196852
rice,2,2010s,0,-4.0
rice,10,2010s,6,-4.0
rice,11,2010s,0,-4.0
rice,12,2010s,0,-4.0
rice,15,2010s,0,-4.0
rice,18,2010s,0,-4.0
rice,19,2010s,0,-4.0
rice,20,2010s,0,-4.0
rice,22,2010s,0,-4.0
rice,26,2010s,0,-4.0
rice,29,2010s,2,-4.0
rice,23,2020s,21,2.9724229955061268
rice,5,2020s,4,2.065532399897608
rice,7,2020s,24,0.9099270697723626
rice,24,2020s,160,0.888146084974635
rice,27,2020s,8,0.5294794996573984
rice,0,2020s,9385,0.26352377315948095
rice,1,2020s,78,-0.049944817522327906
rice,6,2020s,14,-0.5353716446925696
rice,9,2020s,4,-2.2802424369441217
rice,26,2020s,7,-2.3010396100445965
rice,21,2020s,4,-2.3175958514264914
rice,14,2020s,55,-2.345400701048499
rice,10,2020s,7,-2.8748581109642366
rice,2,2020s,0,-4.0
rice,3,2020s,0,-4.0
rice,4,2020s,10,-4.0
rice,8,2020s,0,-4.0
rice,11,2020s,0,-4.0
rice,12,2020s,0,-4.0
rice,13,2020s,0,-4.0
rice,16,2020s,0,-4.0
rice,17,2020s,0,-4.0
rice,18,2020s,0,-4.0
rice,19,2020s,0,-4.0
rice,20,2020s,0,-4.0
rice,25,2020s,0,-4.0
rice,28,2020s,0,-4.0
rice,29,2020s,0,-4.0
soybean,17,1990s,1,1.6074656871948307
soybean,1,1990s,444,1.2743170538262698
soybean,28,1990s,7,1.1253139920574502
soybean,6,1990s,71,0.5113960398517349
soybean,24,1990s,64,0.474180739692368
soybean,0,1990s,1137,-0.130324431009889
soybean,22,1990s,1,-0.24497712439131122
soybean,10,1990s,13,-0.5869123579720203
soybean,3,1990s,18,-1.2017963006274321
soybean,4,1990s,7,-2.5681729654418755
soybean,29,1990s,2,-2.7981485581973873
soybean,2,1990s,2,-3.506855061192527
soybean,5,1990s,0,-4.0
soybean,7,1990s,0,-4.0
soybean,8,1990s,0,-4.0
soybean,11,1990s,0,-4.0
soybean,12,1990s,0,-4.0
soybean,14,1990s,0,-4.0
soybean,15,1990s,0,-4.0
soybean,16,1990s,0,-4.0
soybean,19,1990s,0,-4.0
soybean,20,1990s,0,-4.0
soybean,21,1990s,0,-4.0
soybean,25,1990s,0,-4.0
soybean,26,1990s,0,-4.0
soybean,27,1990s,0,-4.0
soybean,28,2000s,2,2.2211272279253085
soybean,1,2000s,267,0.9627962511278247
soybean,7,2000s,2,0.6534427186359879
soybean,24,2000s,157,0.20773406105431574
soybean,0,2000s,3106,0.07100819333814688
soybean,17,2000s,1,-0.7129848364182343
soybean,27,2000s,8,-0.8310526363997401
soybean,6,2000s,11,-0.9140323553563273
soybean,4,2000s,19,-0.9481950181120008
soybean,14,2000s,7,-1.3552221424911397
soybean,2,2000s,3,-1.7330690824615667
soybean,3,2000s,5,-1.8468064482397772
soybean,10,2000s,7,-1.9140323553563272
soybean,21,2000s,2,-2.7512372051604914
soybean,5,2000s,0,-4.0
soybean,8,2000s,0,-4.0
soybean,9,2000s,0,-4.0
soybean,11,2000s,0,-4.0
soybean,12,2000s,0,-4.0
soybean,15,2000s,0,-4.0
soybean,16,2000s,0,-4.0
soybean,19,2000s,0,-4.0
soybean,20,2000s,0,-4.0
soybean,22,2000s,0,-4.0
soybean,23,2000s,0,-4.0
soybean,25,2000s,0,-4.0
soybean,26,2000s,0,-4.0
soybean,29,2000s,0,-4.0
soybean,23,2010s,13,3.159244624643624
soybean,1,2010s,237,1.2488005766385557
soybean,7,2010s,9,1.1654833156233804
soybean,26,2010s,2,1.1453054336857504
soybean,27,2010s,8,0.8054554308011259
soybean,0,2010s,6399,0.13118510319243765
soybean,17,2010s,3,-0.004441685818931651
soybean,24,2010s,186,-0.06184012290752311
soybean,6,2010s,10,-0.2792807925653508
soybean,2,2010s,3,-0.7655870924802647
soybean,14,2010s,78,-0.8420679107380881
soybean,15,2010s,1,-0.9099770018154393
soybean,4,2010s,40,-0.9842351843742455
soybean,10,2010s,9,-2.337614537873917
soybean,3,2010s,1,-2.8291091561197765
soybean,5,2010s,0,-4.0
soybean,8,2010s,0,-4.0
soybean,9,2010s,0,-4.0
soybean,11,2010s,0,-4.0
soybean,12,2010s,0,-4.0
soybean,16,2010s,0,-4.0
soybean,18,2010s,0,-4.0
soybean,19,2010s,0,-4.0
soybean,20,2010s,0,-4.0
soybean,21,2010s,1,-4.0
soybean,22,2010s,0,-4.0
soybean,25,2010s,0,-4.0
soybean,28,2010s,0,-4.0
soybean,29,2010s,1,-4.0
soybean,11,2020s,1,2.6509964869478915
soybean,23,2020s,6,2.4286040656114434
soybean,1,2020s,81,1.2680389586629695
soybean,7,2020s,8,0.5885005612141273
soybean,3,2020s,2,0.5080385331058486
soybean,0,2020s,3813,0.22762955133028048
soybean,24,2020s,37,0.03920734787914337
soybean,14,2020s,94,-0.3086355707326003
soybean,6,2020s,5,-0.7572624796998905
soybean,26,2020s,7,-1.0375036178816754
soybean,27,2020s,1,-1.2069845081796806
soybean,9,2020s,3,-1.431743944060045
soybean,29,2020s,1,-2.661886468336464
soybean,2,2020s,0,-4.0
soybean,4,2020s,14,-4.0
soybean,5,2020s,0,-4.0
soybean,8,2020s,0,-4.0
soybean,10,2020s,1,-4.0
soybean,12,2020s,0,-4.0
soybean,13,2020s,0,-4.0
soybean,16,2020s,0,-4.0
soybean,17,2020s,0,-4.0
soybean,18,2020s,0,-4.0
soybean,19,2020s,0,-4.0
soybean,20,2020s,0,-4.0
soybean,21,2020s,0,-4.0
soybean,25,2020s,0,-4.0
soybean,28,2020s,0,-4.0
tobacco,21,1990s,317,4.0
tobacco,16,1990s,1,2.159069590969556
tobacco,1,1990s,530,1.7187835613167424
tobacco,25,1990s,1,1.159069590969556
tobacco,22,1990s,2,0.9440566999987057
tobacco,10,1990s,20,0.22360984316426666
tobacco,14,1990s,2,-0.07796960633129328
tobacco,28,1990s,2,-0.49300710561013705
tobacco,3,1990s,24,-0.5977249769585715
tobacco,0,1990s,607,-0.8467544392564378
tobacco,6,1990s,20,-1.127389160375568
tobacco,2,1990s,8,-1.3178212368025097
tobacco,24,1990s,12,-1.7518229351964587
tobacco,4,1990s,4,-3.1864940631094623
tobacco,5,1990s,0,-4.0
tobacco,7,1990s,0,-4.0
tobacco,8,1990s,0,-4.0
tobacco,11,1990s,0,-4.0
tobacco,12,1990s,0,-4.0
tobacco,15,1990s,0,-4.0
tobacco,17,1990s,0,-4.0
tobacco,19,1990s,0,-4.0
tobacco,20,1990s,0,-4.0
tobacco,26,1990s,0,-4.0
tobacco,27,1990s,0,-4.0
tobacco,29,1990s,0,-4.0
tobacco,21,2000s,40,2.269527167813062
tobacco,1,2000s,304,1.8488641109700479
tobacco,7,2000s,2,1.3522789967221793
tobacco,27,2000s,14,0.6751385637440551
tobacco,14,2000s,13,0.23669893167854
tobacco,0,2000s,1761,-0.04881844913175459
tobacco,16,2000s,3,-0.2423079228873771
tobacco,24,2000s,56,-0.5806954876935156
tobacco,10,2000s,8,-1.02255099932774
tobacco,3,2000s,5,-1.1479701701535858
tobacco,6,2000s,5,-1.3526996010200707
tobacco,4,2000s,5,-2.1753581585820325
tobacco,2,2000s,0,-4.0
tobacco,5,2000s,0,-4.0
tobacco,8,2000s,0,-4.0
tobacco,9,2000s,0,-4.0
tobacco,11,2000s,0,-4.0
tobacco,12,2000s,0,-4.0
tobacco,15,2000s,0,-4.0
tobacco,17,2000s,0,-4.0
tobacco,19,2000s,0,-4.0
tobacco,20,2000s,0,-4.0
tobacco,22,2000s,0,-4.0
tobacco,23,2000s,0,-4.0
tobacco,25,2000s,0,-4.0
tobacco,26,2000s,0,-4.0
tobacco,28,2000s,0,-4.0
tobacco,29,2000s,0,-4.0
tobacco,1,2010s,199,2.0605125788685004
tobacco,26,2010s,1,1.2091360642703053
tobacco,21,2010s,13,0.5842703273217151
tobacco,16,2010s,3,0.5604788882317596
tobacco,0,2010s,2994,0.09924348877368164
tobacco,24,2010s,82,-0.179616298812916
tobacco,14,2010s,35,-0.9343564820708149
tobacco,7,2010s,1,-0.9406110552343765
tobacco,6,2010s,3,-0.952415756147002
tobacco,10,2010s,8,-1.443708908731674
tobacco,4,2010s,8,-2.2423326486770527
tobacco,2,2010s,0,-4.0
tobacco,3,2010s,0,-4.0
tobacco,5,2010s,0,-4.0
tobacco,8,2010s,0,-4.0
tobacco,9,2010s,0,-4.0
tobacco,11,2010s,0,-4.0
tobacco,12,2010s,0,-4.0
tobacco,15,2010s,0,-4.0
tobacco,17,2010s,0,-4.0
tobacco,18,2010s,0,-4.0
tobacco,19,2010s,0,-4.0
tobacco,20,2010s,1,-4.0
tobacco,22,2010s,0,-4.0
tobacco,23,2010s,0,-4.0
tobacco,25,2010s,0,-4.0
tobacco,27,2010s,0,-4.0
tobacco,28,2010s,0,-4.0
tobacco,29,2010s,1,-4.0
tobacco,1,2020s,73,2.478157366789068
tobacco,26,2020s,30,2.422175907799945
tobacco,16,2020s,2,1.5626798382623035
tobacco,7,2020s,4,0.9486444133448334
tobacco,4,2020s,176,0.2398509659778886
tobacco,0,2020s,1269,0.0005389415759771476
tobacco,24,2020s,10,-0.4881740707317381
tobacco,21,2020s,2,-0.6939160071328646
tobacco,14,2020s,17,-1.4156177290291923
tobacco,9,2020s,1,-1.6565625926504948
tobacco,6,2020s,1,-1.7190467224565469
tobacco,10,2020s,1,-3.0585331887282137
tobacco,2,2020s,0,-4.0
tobacco,3,2020s,0,-4.0
tobacco,5,2020s,0,-4.0
tobacco,8,2020s,0,-4.0
tobacco,11,2020s,0,-4.0
tobacco,12,2020s,0,-4.0
tobacco,13,2020s,0,-4.0
tobacco,17,2020s,0,-4.0
tobacco,18,2020s,0,-4.0
tobacco,19,2020s,0,-4.0
tobacco,20,2020s,1,-4.0
tobacco,23,2020s,0,-4.0
tobacco,25,2020s,0,-4.0
tobacco,27,2020s,0,-4.0
tobacco,28,2020s,0,-4.0
tobacco,29,2020s,0,-4.0
tomato,25,1990s,2,2.4351939962437936
tomato,28,1990s,6,1.3680798003852568
tomato,1,1990s,288,1.1149844185827307
tomato,2,1990s,25,0.6021593582464523
tomato,14,1990s,2,0.19815479894294427
tomato,0,1990s,855,-0.07640213046462234
tomato,3,1990s,27,-0.15167557024202155
tomato,10,1990s,12,-0.23723134572770202
tomato,24,1990s,27,-0.30577352847990896
tomato,6,1990s,29,-0.3152118548611205
tomato,29,1990s,2,-2.332990328533133
tomato,4,1990s,4,-2.9103696578352247
tomato,21,1990s,1,-3.415662564450397
tomato,5,1990s,0,-4.0
tomato,7,1990s,0,-4.0
tomato,8,1990s,0,-4.0
tomato,11,1990s,0,-4.0
tomato,12,1990s,0,-4.0
tomato,15,1990s,0,-4.0
tomato,16,1990s,0,-4.0
tomato,17,1990s,0,-4.0
tomato,19,1990s,0,-4.0
tomato,20,1990s,0,-4.0
tomato,22,1990s,0,-4.0
tomato,26,1990s,0,-4.0
tomato,27,1990s,0,-4.0
tomato,27,2000s,56,2.0373366707041454
tomato,7,2000s,3,1.2994396044034255
tomato,1,2000s,230,0.8086247554309278
tomato,0,2000s,3000,0.08194724938037067
tomato,2,2000s,8,-0.2569971981364413
tomato,24,2000s,103,-0.33935177560781127
tomato,14,2000s,10,-0.7796145846150996
tomato,16,2000s,3,-0.8801098159272871
tomato,3,2000s,8,-1.1077001580808579
tomato,10,2000s,10,-1.3384247974802874
tomato,4,2000s,11,-1.6756565278720075
tomato,6,2000s,4,-2.3124295889473427
tomato,21,2000s,1,-3.69020282011421
tomato,5,2000s,0,-4.0
tomato,8,2000s,0,-4.0
tomato,9,2000s,0,-4.0
tomato,11,2000s,0,-4.0
tomato,12,2000s,0,-4.0
tomato,15,2000s,0,-4.0
tomato,17,2000s,0,-4.0
tomato,19,2000s,0,-4.0
tomato,20,2000s,0,-4.0
tomato,22,2000s,0,-4.0
tomato,23,2000s,0,-4.0
tomato,25,2000s,0,-4.0
tomato,26,2000s,0,-4.0
tomato,28,2000s,0,-4.0
tomato,29,2000s,1,-4.0
tomato,27,2010s,38,3.0943487891446244
tomato,22,2010s,1,1.4313837764221953
tomato,1,2010s,223,1.2019230725605152
tomato,9,2010s,2,0.9008690597234157
tomato,2,2010s,6,0.27537875241964893
tomato,0,2010s,6198,0.12610723661683929
tomato,7,2010s,4,0.03652415908098195
tomato,14,2010s,122,-0.15576694713753672
tomato,24,2010s,167,-0.1763287966415888
tomato,23,2010s,1,-0.5002292485975544
tomato,25,2010s,1,-0.813728721414336
tomato,16,2010s,2,-1.0473483981740381
tomato,8,2010s,1,-1.3986912221354921
tomato,4,2010s,27,-1.5103099321982258
tomato,6,2010s,3,-1.9752805418316433
tomato,3,2010s,1,-2.788143311219863
tomato,10,2010s,6,-2.8816111936951594
tomato,5,2010s,0,-4.0
tomato,11,2010s,0,-4.0
tomato,12,2010s,0,-4.0
tomato,15,2010s,0,-4.0
tomato,17,2010s,0,-4.0
tomato,18,2010s,0,-4.0
tomato,19,2010s,0,-4.0
tomato,20,2010s,0,-4.0
tomato,21,2010s,1,-4.0
tomato,26,2010s,0,-4.0
tomato,28,2010s,0,-4.0
tomato,29,2010s,1,-4.0
tomato,27,2020s,17,2.6106137526663673
tomato,7,2020s,14,1.1259909028674402
tomato,1,2020s,80,0.9802524702614158
tomato,16,2020s,3,0.5176339064484623
tomato,0,2020s,4630,0.23785063334747275
tomato,24,2020s,43,-0.013845843451999863
tomato,14,2020s,103,-0.44658847563131066
tomato,6,2020s,5,-1.027127060104182
tomato,26,2020s,6,-1.529760619622415
tomato,9,2020s,2,-2.2865710251854923
tomato,2,2020s,1,-2.480988818944896
tomato,29,2020s,1,-2.931751048740755
tomato,21,2020s,1,-3.323924439667862
tomato,3,2020s,0,-4.0
tomato,4,2020s,5,-4.0
tomato,5,2020s,0,-4.0
tomato,8,2020s,0,-4.0
tomato,10,2020s,1,-4.0
tomato,11,2020s,0,-4.0
tomato,12,2020s,0,-4.0
tomato,13,2020s,0,-4.0
tomato,17,2020s,0,-4.0
tomato,18,2020s,0,-4.0
tomato,19,2020s,0,-4.0
tomato,20,2020s,0,-4.0
tomato,23,2020s,0,-4.0
tomato,25,2020s,0,-4.0
tomato,28,2020s,0,-4.0
wheat,7,1990s,1,1.73129042279913
wheat,14,1990s,12,1.5937868990491952
wheat,1,1990s,651,1.1022427496911484
wheat,11,1990s,2,0.4986296660088549
wheat,0,1990s,2015,-0.028949017437458188
wheat,6,1990s,66,-0.31812913124514447
wheat,10,1990s,23,-0.48796229100675065
wheat,2,1990s,26,-0.5305875140020856
wheat,3,1990s,42,-0.7035760502416352
wheat,24,1990s,44,-0.7905598126209855
wheat,28,1990s,3,-0.8212506002296488
wheat,15,1990s,1,-1.01287067277128
wheat,29,1990s,11,-1.062889110510741
wheat,4,1990s,14,-2.2923451363925262
wheat,21,1990s,2,-3.6049929650653025
wheat,20,1990s,6,-3.795925910202306
wheat,5,1990s,0,-4.0
wheat,8,1990s,0,-4.0
wheat,12,1990s,0,-4.0
wheat,16,1990s,0,-4.0
wheat,17,1990s,0,-4.0
wheat,19,1990s,0,-4.0
wheat,22,1990s,0,-4.0
wheat,25,1990s,0,-4.0
wheat,26,1990s,0,-4.0
wheat,27,1990s,0,-4.0
wheat,28,2000s,3,1.76535861737817
wheat,1,2000s,632,1.1651499563490793
wheat,5,2000s,17,0.52062502828732
wheat,27,2000s,42,0.5205336751107253
wheat,14,2000s,47,0.3512806758605989
wheat,7,2000s,3,0.1976741080888493
wheat,0,2000s,6300,0.050571080957192115
wheat,22,2000s,1,-0.012248961285382274
wheat,26,2000s,2,-0.14153197823034863
wheat,24,2000s,237,-0.23887455020734671
wheat,6,2000s,29,-0.5562140901343472
wheat,10,2000s,35,-0.6328353717372597
wheat,17,2000s,2,-0.753715947686529
wheat,2,2000s,12,-0.7738001937298613
wheat,25,2000s,1,-0.8948920106472232
wheat,16,2000s,5,-1.244909718075657
wheat,21,2000s,9,-1.622043314986474
wheat,3,2000s,8,-2.2094656543954345
wheat,12,2000s,1,-2.4468771889221066
wheat,4,2000s,10,-2.9149255479365186
wheat,8,2000s,0,-4.0
wheat,9,2000s,0,-4.0
wheat,11,2000s,0,-4.0
wheat,15,2000s,0,-4.0
wheat,19,2000s,0,-4.0
wheat,20,2000s,0,-4.0
wheat,23,2000s,0,-4.0
wheat,29,2000s,4,-4.0
wheat,5,2010s,13,2.9609434774393475
wheat,28,2010s,2,1.3929540553219049
wheat,7,2010s,19,1.1915741674019005
wheat,1,2010s,443,1.0993085560725617
wheat,14,2010s,436,0.5888025349538363
wheat,17,2010s,8,0.35868415323715863
wheat,6,2010s,32,0.3468794523245335
wheat,22,2010s,1,0.3385062712995286
wheat,0,2010s,13089,0.11170995100561251
wheat,23,2010s,3,-0.0081442529990652
wheat,24,2010s,357,-0.17313033020920837
wheat,25,2010s,3,-0.32164372581584666
wheat,2,2010s,7,-0.5951063313665699
wheat,26,2010s,1,-0.9066062265370031
wheat,12,2010s,3,-1.1030034393405066
wheat,16,2010s,4,-1.140225903296705
wheat,27,2010s,4,-1.2464562294216277
wheat,4,2010s,52,-1.657635221343269
wheat,3,2010s,4,-1.8810208163425302
wheat,15,2010s,1,-1.9618886620381926
wheat,21,2010s,9,-2.0619866801843734
wheat,10,2010s,15,-2.6525606039304637
wheat,29,2010s,7,-3.9078133344369235
wheat,8,2010s,0,-4.0
wheat,9,2010s,0,-4.0
wheat,11,2010s,0,-4.0
wheat,18,2010s,0,-4.0
wheat,19,2010s,0,-4.0
wheat,20,2010s,2,-4.0
wheat,23,2020s,7,1.442941146689482
wheat,25,2020s,2,1.442941146689482
wheat,14,2020s,592,1.1381736029603025
wheat,1,2020s,147,0.9198059603562995
wheat,7,2020s,23,0.9040071770127306
wheat,16,2020s,5,0.3164087407605502
wheat,0,2020s,8485,0.17356233977578142
wheat,26,2020s,28,-0.24555895814008488
wheat,6,2020s,16,-0.2872459148456624
wheat,12,2020s,2,-0.38148728872706367
wheat,24,2020s,40,-1.0563732631208538
wheat,27,2020s,2,-1.4150398484380902
wheat,21,2020s,4,-2.2621151995219804
wheat,2,2020s,2,-2.4191795787990142
wheat,3,2020s,0,-4.0
wheat,4,2020s,55,-4.0
wheat,5,2020s,0,-4.0
wheat,8,2020s,0,-4.0
wheat,9,2020s,0,-4.0
wheat,10,2020s,2,-4.0
wheat,11,2020s,0,-4.0
wheat,13,2020s,0,-4.0
wheat,17,2020s,0,-4.0
wheat,18,2020s,0,-4.0
wheat,19,2020s,0,-4.0
wheat,20,2020s,0,-4.0
wheat,28,2020s,0,-4.0
wheat,29,2020s,0,-4.0
